Session_ID,Date,Player_ID,Game_Genre,Playtime_Minutes,XP_Gained,Actions_Per_Minute,Focus_Score_Pct,Bosses_Defeated
GAME-2001,2026-01-01,Gamer_01,Platformer,20,403,202,91,2
GAME-2002,2026-01-02,Gamer_03,Platformer,60,378,150,87,0
GAME-2003,2026-01-03,Gamer_07,Rhythm,30,376,295,90,0
GAME-2004,2026-01-04,Gamer_15,Strategy,150,687,89,85,0
GAME-2005,2026-01-05,Gamer_04,FPS,60,282,182,75,2
GAME-2006,2026-01-06,Gamer_05,Action RPG,90,2067,131,74,4
GAME-2007,2026-01-07,Gamer_15,Platformer,30,309,207,95,2
GAME-2008,2026-01-08,Gamer_15,Action RPG,120,657,107,71,1
GAME-2009,2026-01-09,Gamer_08,Rhythm,30,409,303,100,0
GAME-2010,2026-01-10,Gamer_09,Strategy,60,711,112,82,0
GAME-2011,2026-01-11,Gamer_05,Strategy,150,625,80,89,0
GAME-2012,2026-01-12,Gamer_02,FPS,60,268,224,82,0
GAME-2013,2026-01-13,Gamer_20,Strategy,120,311,89,88,1
GAME-2014,2026-01-14,Gamer_17,Platformer,60,351,189,94,1
GAME-2015,2026-01-15,Gamer_09,Action RPG,45,1124,90,80,2
GAME-2016,2026-01-16,Gamer_07,FPS,60,465,210,88,0
GAME-2017,2026-01-17,Gamer_05,Racing,20,286,116,75,0
GAME-2018,2026-01-18,Gamer_13,Rhythm,15,531,287,88,0
GAME-2019,2026-01-19,Gamer_04,FPS,45,277,209,92,2
GAME-2020,2026-01-20,Gamer_04,Puzzle,90,138,56,71,0
GAME-2021,2026-01-21,Gamer_04,Strategy,120,688,96,91,1
GAME-2022,2026-01-22,Gamer_09,FPS,45,270,177,71,1
GAME-2023,2026-01-23,Gamer_02,Puzzle,90,220,50,70,0
GAME-2024,2026-01-24,Gamer_14,Action RPG,120,1681,130,70,3
GAME-2025,2026-01-25,Gamer_16,Puzzle,60,285,47,90,0
GAME-2026,2026-01-26,Gamer_07,Action RPG,45,1156,119,85,2
GAME-2027,2026-01-27,Gamer_10,Puzzle,90,207,44,48,0
GAME-2028,2026-01-28,Gamer_04,Racing,20,289,120,67,0
GAME-2029,2026-01-29,Gamer_18,Action RPG,90,1193,121,70,2
GAME-2030,2026-01-30,Gamer_04,Rhythm,45,627,238,89,0
GAME-2031,2026-01-31,Gamer_02,Rhythm,30,458,267,91,0
GAME-2032,2026-02-01,Gamer_17,FPS,30,530,236,89,2
GAME-2033,2026-02-02,Gamer_18,Puzzle,45,268,50,79,0
GAME-2034,2026-02-03,Gamer_10,Action RPG,120,2728,81,77,5
GAME-2035,2026-02-04,Gamer_18,Action RPG,60,2728,122,79,5
GAME-2036,2026-02-05,Gamer_02,Puzzle,90,308,36,76,0
GAME-2037,2026-02-06,Gamer_15,Strategy,120,575,86,92,0
GAME-2038,2026-02-07,Gamer_04,Rhythm,15,459,176,90,0
GAME-2039,2026-02-08,Gamer_02,FPS,45,428,210,85,1
GAME-2040,2026-02-09,Gamer_11,Racing,35,395,127,70,0
GAME-2041,2026-02-10,Gamer_03,Strategy,120,629,94,89,0
GAME-2042,2026-02-11,Gamer_17,Strategy,90,577,74,90,0
GAME-2043,2026-02-12,Gamer_08,Rhythm,45,215,241,91,0
GAME-2044,2026-02-13,Gamer_20,FPS,30,351,252,70,2
GAME-2045,2026-02-14,Gamer_09,Rhythm,30,618,321,94,0
GAME-2046,2026-02-15,Gamer_10,FPS,30,569,242,85,2
GAME-2047,2026-02-16,Gamer_04,Rhythm,45,532,235,95,0
GAME-2048,2026-02-17,Gamer_20,Puzzle,45,319,44,85,0
GAME-2049,2026-02-18,Gamer_15,Strategy,120,632,71,83,0
GAME-2050,2026-02-19,Gamer_03,Rhythm,15,708,266,90,0
GAME-2051,2026-02-20,Gamer_13,Racing,20,243,124,68,0
GAME-2052,2026-02-21,Gamer_03,Action RPG,120,1174,129,78,2
GAME-2053,2026-02-22,Gamer_05,Puzzle,45,269,47,68,0
GAME-2054,2026-02-23,Gamer_19,Racing,20,394,124,66,0
GAME-2055,2026-02-24,Gamer_05,Action RPG,60,2009,103,86,4
GAME-2056,2026-02-25,Gamer_17,Platformer,30,257,139,77,1
GAME-2057,2026-02-26,Gamer_20,Rhythm,15,623,301,91,0
GAME-2058,2026-02-27,Gamer_15,Action RPG,60,1765,145,67,3
GAME-2059,2026-02-28,Gamer_08,Puzzle,90,200,33,68,0
GAME-2060,2026-03-01,Gamer_18,Puzzle,90,342,49,71,0
GAME-2061,2026-03-02,Gamer_18,Platformer,30,450,186,99,0
GAME-2062,2026-03-03,Gamer_09,Platformer,60,323,122,84,0
GAME-2063,2026-03-04,Gamer_15,Racing,20,334,145,76,0
GAME-2064,2026-03-05,Gamer_11,FPS,60,262,166,88,0
GAME-2065,2026-03-06,Gamer_05,Action RPG,90,1110,105,80,2
GAME-2066,2026-03-07,Gamer_15,Rhythm,45,396,247,89,0
GAME-2067,2026-03-08,Gamer_14,FPS,30,413,215,90,0
GAME-2068,2026-03-09,Gamer_13,Action RPG,90,2584,116,78,5
GAME-2069,2026-03-10,Gamer_02,Puzzle,90,184,45,68,0
GAME-2070,2026-03-11,Gamer_20,Puzzle,60,297,59,74,0
GAME-2071,2026-03-12,Gamer_16,Platformer,60,416,158,92,1
GAME-2072,2026-03-13,Gamer_04,Platformer,45,320,192,81,2
GAME-2073,2026-03-14,Gamer_10,Racing,20,287,104,64,0
GAME-2074,2026-03-15,Gamer_20,Puzzle,45,318,41,93,0
GAME-2075,2026-03-16,Gamer_01,Racing,50,345,117,74,0
GAME-2076,2026-03-17,Gamer_04,Platformer,60,257,217,80,0
GAME-2077,2026-03-18,Gamer_04,Platformer,30,329,205,87,1
GAME-2078,2026-03-19,Gamer_19,Rhythm,30,433,245,92,0
GAME-2079,2026-03-20,Gamer_12,Strategy,120,521,76,91,1
GAME-2080,2026-03-21,Gamer_17,Rhythm,15,584,297,88,0
GAME-2081,2026-03-22,Gamer_12,FPS,45,432,249,72,2
GAME-2082,2026-03-23,Gamer_03,Action RPG,45,1366,127,82,2
GAME-2083,2026-03-24,Gamer_02,Platformer,45,199,144,88,1
GAME-2084,2026-03-25,Gamer_01,FPS,30,300,254,84,1
GAME-2085,2026-03-26,Gamer_03,Action RPG,45,2005,105,77,4
GAME-2086,2026-03-27,Gamer_02,Action RPG,45,1263,141,83,2
GAME-2087,2026-03-28,Gamer_07,Puzzle,45,248,44,64,0
GAME-2088,2026-03-29,Gamer_06,FPS,45,476,213,81,0
GAME-2089,2026-03-30,Gamer_01,Strategy,150,633,95,83,0
GAME-2090,2026-03-31,Gamer_12,Strategy,120,554,79,88,1
GAME-2091,2026-04-01,Gamer_05,Racing,50,316,127,73,0
GAME-2092,2026-04-02,Gamer_02,Racing,50,311,121,78,0
GAME-2093,2026-04-03,Gamer_11,Platformer,30,420,158,89,2
GAME-2094,2026-04-04,Gamer_09,Puzzle,45,284,57,69,0
GAME-2095,2026-04-05,Gamer_11,Rhythm,15,529,239,96,0
GAME-2096,2026-04-06,Gamer_08,Strategy,90,564,75,88,0
GAME-2097,2026-04-07,Gamer_11,Strategy,120,498,76,86,0
GAME-2098,2026-04-08,Gamer_11,Action RPG,120,2504,132,74,5
GAME-2099,2026-04-09,Gamer_19,Puzzle,90,271,41,77,0
GAME-2100,2026-04-10,Gamer_07,FPS,45,348,174,92,1
