Session_ID,Date,Student_ID,Sport,Duration_Minutes,Calories_Burned,Avg_Heart_Rate_BPM,Primary_Metric_Name,Primary_Metric_Value
SESS-1001,2026-01-01,Student_07,Running,41,497,177,Pace (min/km),6.67
SESS-1002,2026-01-02,Student_19,Tennis,60,573,145,Aces Served,4.0
SESS-1003,2026-01-03,Student_10,Running,30,379,166,Pace (min/km),6.73
SESS-1004,2026-01-04,Student_12,Tennis,45,475,135,Aces Served,5.0
SESS-1005,2026-01-05,Student_18,Soccer,60,661,169,Distance Covered (km),6.98
SESS-1006,2026-01-06,Student_12,Swimming,60,404,128,Laps Completed,26.0
SESS-1007,2026-01-07,Student_04,Soccer,80,747,155,Distance Covered (km),7.76
SESS-1008,2026-01-08,Student_18,Soccer,80,793,168,Distance Covered (km),7.92
SESS-1009,2026-01-09,Student_08,Cycling,52,572,138,Avg Speed (km/h),20.74
SESS-1010,2026-01-10,Student_18,Tennis,90,780,126,Aces Served,6.0
SESS-1011,2026-01-11,Student_01,Running,44,548,170,Pace (min/km),4.96
SESS-1012,2026-01-12,Student_10,Tennis,60,583,132,Aces Served,8.0
SESS-1013,2026-01-13,Student_14,Badminton,30,326,136,Smashes Hit,34.0
SESS-1014,2026-01-14,Student_09,Tennis,90,808,134,Aces Served,2.0
SESS-1015,2026-01-15,Student_17,Running,27,361,168,Pace (min/km),5.66
SESS-1016,2026-01-16,Student_15,Badminton,45,441,160,Smashes Hit,54.0
SESS-1017,2026-01-17,Student_06,Running,48,603,166,Pace (min/km),6.29
SESS-1018,2026-01-18,Student_07,Cycling,44,577,133,Avg Speed (km/h),19.54
SESS-1019,2026-01-19,Student_09,Badminton,30,314,144,Smashes Hit,35.0
SESS-1020,2026-01-20,Student_01,Badminton,60,546,135,Smashes Hit,24.0
SESS-1021,2026-01-21,Student_09,Running,34,426,151,Pace (min/km),5.15
SESS-1022,2026-01-22,Student_17,Basketball,32,388,154,Points Scored,15.0
SESS-1023,2026-01-23,Student_02,Swimming,60,655,139,Laps Completed,44.0
SESS-1024,2026-01-24,Student_11,Badminton,30,321,138,Smashes Hit,43.0
SESS-1025,2026-01-25,Student_06,Cycling,35,419,143,Avg Speed (km/h),25.5
SESS-1026,2026-01-26,Student_20,Running,35,434,162,Pace (min/km),5.96
SESS-1027,2026-01-27,Student_07,Running,39,502,145,Pace (min/km),6.65
SESS-1028,2026-01-28,Student_11,Running,37,474,153,Pace (min/km),6.11
SESS-1029,2026-01-29,Student_07,Running,35,435,168,Pace (min/km),4.65
SESS-1030,2026-01-30,Student_01,Cycling,53,610,158,Avg Speed (km/h),30.56
SESS-1031,2026-01-31,Student_03,Badminton,45,448,152,Smashes Hit,41.0
SESS-1032,2026-02-01,Student_20,Badminton,45,457,174,Smashes Hit,45.0
SESS-1033,2026-02-02,Student_18,Cycling,65,707,164,Avg Speed (km/h),25.68
SESS-1034,2026-02-03,Student_01,Running,46,571,158,Pace (min/km),4.82
SESS-1035,2026-02-04,Student_07,Badminton,60,548,176,Smashes Hit,44.0
SESS-1036,2026-02-05,Student_14,Cycling,63,730,147,Avg Speed (km/h),31.62
SESS-1037,2026-02-06,Student_02,Swimming,30,957,140,Laps Completed,72.0
SESS-1038,2026-02-07,Student_16,Badminton,30,339,153,Smashes Hit,52.0
SESS-1039,2026-02-08,Student_14,Swimming,30,660,145,Laps Completed,43.0
SESS-1040,2026-02-09,Student_17,Cycling,37,518,133,Avg Speed (km/h),31.53
SESS-1041,2026-02-10,Student_03,Soccer,90,837,167,Distance Covered (km),8.62
SESS-1042,2026-02-11,Student_02,Tennis,45,429,132,Aces Served,12.0
SESS-1043,2026-02-12,Student_08,Cycling,45,542,158,Avg Speed (km/h),29.14
SESS-1044,2026-02-13,Student_02,Tennis,90,776,145,Aces Served,7.0
SESS-1045,2026-02-14,Student_12,Running,24,307,165,Pace (min/km),5.82
SESS-1046,2026-02-15,Student_15,Badminton,60,536,128,Smashes Hit,27.0
SESS-1047,2026-02-16,Student_05,Soccer,90,981,136,Distance Covered (km),11.26
SESS-1048,2026-02-17,Student_12,Swimming,45,382,136,Laps Completed,21.0
SESS-1049,2026-02-18,Student_08,Swimming,45,659,156,Laps Completed,44.0
SESS-1050,2026-02-19,Student_03,Running,28,351,162,Pace (min/km),5.67
SESS-1051,2026-02-20,Student_14,Cycling,36,473,149,Avg Speed (km/h),27.85
SESS-1052,2026-02-21,Student_07,Running,15,229,154,Pace (min/km),4.65
SESS-1053,2026-02-22,Student_05,Running,49,599,153,Pace (min/km),4.32
SESS-1054,2026-02-23,Student_01,Swimming,60,758,155,Laps Completed,51.0
SESS-1055,2026-02-24,Student_20,Running,28,369,181,Pace (min/km),5.21
SESS-1056,2026-02-25,Student_05,Running,37,449,160,Pace (min/km),5.2
SESS-1057,2026-02-26,Student_08,Swimming,45,512,148,Laps Completed,32.0
SESS-1058,2026-02-27,Student_13,Badminton,30,338,156,Smashes Hit,39.0
SESS-1059,2026-02-28,Student_04,Soccer,90,791,138,Distance Covered (km),7.75
SESS-1060,2026-03-01,Student_07,Tennis,90,760,130,Aces Served,9.0
SESS-1061,2026-03-02,Student_04,Running,30,408,172,Pace (min/km),6.69
SESS-1062,2026-03-03,Student_20,Badminton,30,304,147,Smashes Hit,24.0
SESS-1063,2026-03-04,Student_20,Badminton,30,314,151,Smashes Hit,30.0
SESS-1064,2026-03-05,Student_07,Cycling,64,711,148,Avg Speed (km/h),25.69
SESS-1065,2026-03-06,Student_18,Tennis,45,430,155,Aces Served,4.0
SESS-1066,2026-03-07,Student_02,Swimming,30,529,151,Laps Completed,37.0
SESS-1067,2026-03-08,Student_07,Basketball,32,400,147,Points Scored,15.0
SESS-1068,2026-03-09,Student_12,Cycling,46,538,142,Avg Speed (km/h),27.87
SESS-1069,2026-03-10,Student_13,Swimming,45,316,143,Laps Completed,17.0
SESS-1070,2026-03-11,Student_01,Badminton,30,301,139,Smashes Hit,25.0
SESS-1071,2026-03-12,Student_01,Cycling,20,360,150,Avg Speed (km/h),24.11
SESS-1072,2026-03-13,Student_15,Swimming,45,672,138,Laps Completed,44.0
SESS-1073,2026-03-14,Student_19,Running,37,453,159,Pace (min/km),4.4
SESS-1074,2026-03-15,Student_01,Swimming,45,456,138,Laps Completed,28.0
SESS-1075,2026-03-16,Student_08,Soccer,80,624,171,Distance Covered (km),6.22
SESS-1076,2026-03-17,Student_18,Running,38,470,180,Pace (min/km),4.4
SESS-1077,2026-03-18,Student_20,Swimming,45,433,144,Laps Completed,29.0
SESS-1078,2026-03-19,Student_06,Soccer,60,751,168,Distance Covered (km),7.71
SESS-1079,2026-03-20,Student_18,Badminton,30,298,168,Smashes Hit,33.0
SESS-1080,2026-03-21,Student_18,Tennis,90,806,139,Aces Served,8.0
SESS-1081,2026-03-22,Student_17,Swimming,30,828,143,Laps Completed,58.0
SESS-1082,2026-03-23,Student_19,Basketball,32,390,148,Points Scored,13.0
SESS-1083,2026-03-24,Student_13,Running,45,549,177,Pace (min/km),4.79
SESS-1084,2026-03-25,Student_08,Tennis,90,780,152,Aces Served,9.0
SESS-1085,2026-03-26,Student_11,Badminton,60,536,122,Smashes Hit,49.0
SESS-1086,2026-03-27,Student_19,Tennis,45,476,162,Aces Served,11.0
SESS-1087,2026-03-28,Student_02,Swimming,60,613,126,Laps Completed,44.0
SESS-1088,2026-03-29,Student_16,Tennis,45,427,135,Aces Served,9.0
SESS-1089,2026-03-30,Student_06,Basketball,32,356,149,Points Scored,14.0
SESS-1090,2026-03-31,Student_14,Soccer,60,823,145,Distance Covered (km),9.49
SESS-1091,2026-04-01,Student_15,Basketball,48,462,174,Points Scored,18.0
SESS-1092,2026-04-02,Student_17,Soccer,60,954,160,Distance Covered (km),10.64
SESS-1093,2026-04-03,Student_14,Soccer,80,892,163,Distance Covered (km),9.94
SESS-1094,2026-04-04,Student_13,Soccer,90,588,160,Distance Covered (km),5.24
SESS-1095,2026-04-05,Student_15,Running,44,541,152,Pace (min/km),4.48
SESS-1096,2026-04-06,Student_05,Running,37,459,159,Pace (min/km),4.25
SESS-1097,2026-04-07,Student_12,Basketball,32,299,133,Points Scored,11.0
SESS-1098,2026-04-08,Student_09,Swimming,45,506,163,Laps Completed,35.0
SESS-1099,2026-04-09,Student_08,Basketball,48,497,162,Points Scored,24.0
SESS-1100,2026-04-10,Student_02,Badminton,60,579,127,Smashes Hit,31.0
